Relevance,Explanation
RELEVANT,"The generated answer provides the correct syntax for using the precision_recall_fscore_support function from scikit-learn, along with a description of the arguments. This directly addresses the information given in the original answer."
RELEVANT,The generated answer accurately identifies the root cause of the pickle error when using waitress (saving the model from the __main__ module and referencing the class in the global namespace) and provides the same solution as the original answer: moving the custom class to a separate module and importing it.
PARTLY_RELEVANT,"The generated answer correctly identifies the command `docker run -it --entrypoint bash <image>` for launching a container in interactive mode. However, it lacks the additional context from the original answer regarding executing commands within a running container using `docker exec`.  "
RELEVANT,The generated answer directly addresses the user's question about using PyTorch for homework solutions and accurately reflects the information provided in the original answer about the possibility of submitting PyTorch equivalents.
NON_RELEVANT,"The generated answer focuses on potential causes of a pip version error related to Scikit-Learn,  which is not the issue discussed in the original answer. The original answer addresses an error related to Docker build and a mismatch in Python version requirements for a TensorFlow Lite wheel."
NON_RELEVANT,The generated answer provides a different command (`kubectl apply ...`)  than the original answer suggests (`kubectl get hpa`).  The commands serve different purposes and are not interchangeable in this context.
PARTLY_RELEVANT,"The generated answer correctly identifies the command to check the AWS CLI version. However, it doesn't mention the specific requirement for version 2 compatibility with eksctl, which is crucial information absent in the original answer."
PARTLY_RELEVANT,"The generated answer touches upon a relevant point - data splitting affecting accuracy. However, it doesn't  explicitly connect this to the specific scenarios and recommendations presented in the original answer (like comparing the two splitting methods). It remains at a more general level."
PARTLY_RELEVANT,"The generated answer acknowledges the issue of losing the variable after the session ends and suggests re-setting it. However, it doesn't provide the original solution of executing commands to set the variable within the terminal, which is crucial to addressing the problem."
RELEVANT,"The generated answer directly provides the location of the script as requested in the question, matching the information given in the original answer."
RELEVANT,"The generated answer accurately identifies the solution to the TensorFlow Serving error on Apple M1 Macs, which is to use the `emacski/tensorflow-serving:latest-linux_arm64` image. It also provides the correct docker run command and explains the reason for the incompatibility of the official image with Apple Silicon."
NON_RELEVANT,The generated answer addresses a different issue related to a protobuf library error and does not provide any relevant information or solutions for the 'eb local' NotSupportedError mentioned in the original answer.
RELEVANT,The generated answer directly and accurately addresses the question asked by identifying Tzvi Friedman as the contributor of the solution for the 'Failed to find data adapter' error.
RELEVANT,The generated answer correctly identifies the first step to installing Kind through Choco as launching a PowerShell terminal with administrator privileges. This matches the information provided in the original answer.
RELEVANT,"The generated answer provides a clear and accurate step-by-step guide on how to download a dataset using the requests library, mirroring the information presented in the original answer."
RELEVANT,"The generated answer addresses the core question of how to calculate RMSE using mean_squared_error and provides the correct method: setting the squared argument to False. While the formatting is different, the information conveyed aligns directly with the original answer."
NON_RELEVANT,"The generated answer states it cannot answer the question about Lambda function initialization because the provided text does not contain the information. This contradicts the original answer, which directly links to documentation about Lambda container images and runtimes, topics that are likely to contain information about initialization."
RELEVANT,"The generated answer directly addresses the question's core issue: why missing values concentrate in the training set when using a seed of 42. It accurately explains the role of the seed in ensuring a consistent proportion split, leading to the observed outcome. "
PARTLY_RELEVANT,"The generated answer correctly identifies the course page and the cohort folder as locations for course materials. However, it misses other important instructions from the original answer, such as watching videos, office hours, and the specific instructions for finding the playlist on YouTube."
RELEVANT,"The generated answer provides the same link and information as the original answer, describing where to find a detailed description of the California housing dataset."
RELEVANT,"The generated answer accurately identifies Random Forest as a bagging algorithm and XGBoost as a boosting algorithm. It also correctly describes the fundamental mechanisms of both techniques: random sampling and replacement for bagging, and sequential training with weighted observations for boosting."
RELEVANT,The generated answer correctly identifies Ella Sahnan as the contributor of the information about using metrics on series or dataframes.
NON_RELEVANT,"The generated answer does not provide a video suggestion as requested by the user's query. Instead, it states its inability to answer due to the lack of video information in the provided text. This is irrelevant to the original answer which points to a video on the topic."
PARTLY_RELEVANT,"While the generated answer does not directly address the user's need for free alternatives to Render, it does mention that Google Cloud Platform (GCP) offers free services for a long time. This is partially relevant to the user's question as they are looking for free alternatives."
NON_RELEVANT,"The generated answer correctly states that it cannot find information about a guide for using Docker in Google Colab within the provided context. However, the original answer actually does contain such a guide (the link). Therefore, the generated answer is not relevant to the user's question."
PARTLY_RELEVANT,"The generated answer correctly identifies the import statement for mean_squared_error, which is a key part of calculating RMSE. However, it fails to mention the other necessary steps or provide the full context of how RMSE is calculated using scikit-learn and numpy."
PARTLY_RELEVANT,"While the generated answer correctly identifies that the original text doesn't directly provide an alternative command for a default region, it misses the opportunity to point out the *implied* alternative command presented within the original text itself."
RELEVANT,"The generated answer directly addresses the core concept presented in the original answer, which is the use of the `std()` function for calculating standard deviation from a Pandas series."
RELEVANT,"The generated answer correctly identifies the default value for the number of workers in the fit function as 1, which aligns with the information provided in the original answer."
PARTLY_RELEVANT,"The generated answer addresses a problem related to loading Keras models and provides solutions. However, it doesn't directly mention the specific solution provided in the original answer, which is to add `compile=False` to the `load_model` function. Instead, it offers multiple solutions for various loading errors."
PARTLY_RELEVANT,"While the generated answer does address the user's need for verifying code results, it focuses solely on  metrics and doesn't touch upon the original query's specific context about dealing with multiple thresholds and F1 score."
PARTLY_RELEVANT,"The generated answer correctly states that regularization isn't always necessary, which aligns with the original answer. However, it lacks the nuance of the original answer, which provides context about when regularization is recommended (e.g., small datasets, complex models) and factors influencing its necessity (data quality, size). "
PARTLY_RELEVANT,"The generated answer correctly identifies the role of `np.sign` in determining the intercept by stating it finds the sign of the difference between precision and recall. However, it lacks the specific context of how this is achieved within the larger code snippet. It doesn't mention `np.diff` being used to calculate the differences or how the change in sign is used to find the index of the intercept."
PARTLY_RELEVANT,"The generated answer touches upon some relevant points like removing superfluous docker images and using `docker system prune`. However, it misses the key point from the original answer, which is that deleting docker images alone doesn't free up storage and `docker system prune` is necessary. Additionally, the suggestion about using `--rm` flag is helpful but not directly related to the immediate problem of running out of storage."
RELEVANT,"The generated answer accurately addresses the question in the context of TensorFlow's `flow_from_directory` function and correctly identifies the alphabetical order of folder reading. It provides a specific example to illustrate this point, aligning closely with the information provided in the original answer."
RELEVANT,The generated answer correctly identifies the file to modify (/etc/docker/daemon.) and provides the exact JSON snippet to fix Docker's DNS settings. It essentially paraphrases the original answer while maintaining its core information.
PARTLY_RELEVANT,"The generated answer correctly identifies that training multiple models is encouraged and that there's no specific number required. However, it doesn't explicitly state that 'training as many as you can' is acceptable, which is a key point from the original answer."
PARTLY_RELEVANT,"The generated answer correctly explains why FPR is 0.0 when the threshold is 1.0, but it does not address the other aspects of the original answer, such as the TPR being 0.0 and the overall lack of churn predictions."
RELEVANT,"The generated answer directly addresses the user's question by identifying the pandas method for calculating the standard deviation of a series, which is  `series.std()`. This is consistent with the information provided in the original answer."
RELEVANT,"The generated answer accurately captures the reason behind excluding df_train_full from the correlation matrix task, which is to avoid using validation data for training and ensure a fair evaluation of the model's performance."
NON_RELEVANT,"The generated answer focuses on setting up a Conda environment, which is a different topic than the original answer about accessing a homework repository link. There is no connection between the two."
PARTLY_RELEVANT,"The generated answer addresses a potential cause of the Docker daemon connection issue, specifically related to WSL integration. However, it focuses on enabling additional WSL distributions within Docker Desktop settings, which might not be the primary solution for the user who is encountering the error message. The original answer recommends reinstalling Docker on WSL or starting the docker daemon on Linux, which are more direct solutions to the specified problem."
PARTLY_RELEVANT,"The generated answer provides information about certificate requirements but doesn't directly address the question asked.  While it confirms the midterm project is not mandatory, it shifts focus to other project requirements. The connection to the original answer, 'See the previous answer,' is weak."
PARTLY_RELEVANT,"The generated answer acknowledges that it cannot answer the question based on the provided context. However, the original answer does contain the solution for starting the docker daemon on Linux: `sudo dockerd` and `sudo service docker start`. While the generated answer doesn't provide the commands, it at least reflects the inability to find the answer within the given context."
PARTLY_RELEVANT,"The generated answer provides concrete eligibility criteria for certification, which touches upon the user's concern. However, it doesn't directly address the 'missed midterm project' aspect mentioned in the original answer, which simply states 'See the previous answer'. This suggests the generated answer lacks complete context from the previous interaction."
RELEVANT,"The generated answer correctly identifies the installation command for md5sum on Mac, which is also present in the original answer.  It also mentions the command for checking hashes, aligning with the original response."
PARTLY_RELEVANT,"The generated answer correctly identifies the `docker cp` command for transferring files to a Docker container. However, it also includes instructions for copying files using a Dockerfile, which is a different method and not relevant to the original question asking about copying files from a local machine to a running container."
RELEVANT,"While the generated answer doesn't directly provide a YouTube link, it correctly states that the provided text doesn't contain information about such a video. This acknowledges the user's question and the limitations of the given context. "
PARTLY_RELEVANT,"The generated answer correctly identifies the image version  ""zoomcamp-model:3.10.12-slim"" mentioned for Module 5 HW Question 6. However, it misses the crucial information about the files  ""model2.bin"" and ""dv.bin""  that are meant to be used with this model."
PARTLY_RELEVANT,"The generated answer correctly identifies FeatureHasher as more suitable for high cardinality categorical features. However, it lacks the nuance of the original answer, which also mentions the benefits of DictVectorizer for smaller vocabularies and the importance of considering data specifics."
NON_RELEVANT,"The generated answer does not address the data splitting methods discussed in the original answer. Instead, it suggests splitting data after feature scaling or normalization, a concept not mentioned in the context provided."
RELEVANT,The generated answer correctly identifies the cause of the error and provides the accurate solution: calling model.evaluate(train_ds) before loading the weights. It also includes a clear explanation and a code example for demonstration.
RELEVANT,The generated answer directly addresses the user's question about the fluctuating AUC values from repeated runs of DecisionTreeClassifier. It correctly identifies the cause as randomness in tree construction and provides the solution of setting a random seed for reproducibility.
NON_RELEVANT,"The generated answer states it cannot answer the question because the provided text lacks information about f-string errors in machine learning deployment. However, the original text directly addresses an f-string error."
PARTLY_RELEVANT,"The generated answer addresses a possible solution for a metadata loading error, similar to the original answer's context. However, it doesn't directly mention the error originating from the Amazon python base image as the original answer states.  "
PARTLY_RELEVANT,"The generated answer touches on the similarity of skills taught, but it incorrectly states the difference is due to a new homework assignment.  The original answer clearly states the focus and skills have remained the same.  Additionally, the generated answer mentions Python 3.10 being recommended instead of Python 3.8, which is  correct information from the original answer."
PARTLY_RELEVANT,"The generated answer touches upon the issue of different Python versions and library versions affecting homework answers, which is a point mentioned in the original answer. However, it fails to address the other key reasons provided, such as potential issues with peer review and the overall advice against using versions other than Python 3.10."
RELEVANT,"The generated answer correctly addresses the user's question about resolving the 'wget is not recognized' error on Windows. It provides three relevant solutions: installing wget via Chocolatey, downloading a binary, and using Python's wget library. Additionally, it mentions alternative methods using Python's urllib.request and pandas, although they are less directly related to the specific error."
RELEVANT,"The generated answer correctly identifies the solution to the XGBoostError as installing the sklearn library, which is directly stated in the original answer."
PARTLY_RELEVANT,"The generated answer correctly identifies the cause of the error, which is a typo in the bentofile.yaml file. However, it doesn't mention the specific solution of changing 'sklearn' to 'scikit-learn' as provided in the original answer."
NON_RELEVANT,"The generated answer fails to address the question asked. Instead of providing information about default values for other fields, it states that the text doesn't contain such information. This is incorrect, as the original answer clearly states that leaving fields as defaults is okay."
NON_RELEVANT,"While the original answer touches upon memory allocation errors in the context of AWS ECS, the generated answer explicitly states it cannot provide information on handling such errors specifically within AWS ECS based on the given context. "
PARTLY_RELEVANT,"The generated answer touches upon a relevant aspect of the original answer (the meaning of a negative accuracy difference). However, it doesn't address the core question about whether the difference should be calculated in absolute or real values. "
RELEVANT,The generated answer accurately identifies the specific steps √Ångel de Vicente took to fix the protobuf issue and provides the exact pipenv command he used to install the required packages.
NON_RELEVANT,The generated answer acknowledges that it cannot provide instructions for setting up CUDA and cuDNN on Ubuntu 22.04 based on the context given. This indicates that the answer does not offer any relevant information related to the original answer or the user's question.
RELEVANT,"Although the generated answer doesn't provide the concrete steps for initiating Week 10 tasks, it acknowledges the user's question and correctly states that the provided text lacks the necessary information. This demonstrates an understanding of the query and the limitations of its context."
RELEVANT,The generated answer accurately identifies the year (2021) and the metric (roc_auc_score) specified in the original answer. It demonstrates a clear understanding of the context and provides a direct and relevant response.
RELEVANT,The generated answer acknowledges that it cannot find the answer to the question within the provided text. This is a relevant response as it directly addresses the user's query and honestly states its limitations based on the context.
RELEVANT,The generated answer accurately addresses the core reason for performing one-hot encoding after splitting the data: to avoid data leakage. It clearly explains the concept of data leakage and how splitting prevents it from influencing the training process. The language and explanation align closely with the original answer.
RELEVANT,"The generated answer directly addresses the information provided in the original answer, which includes the name of the person who added the solution (Manuel Alejandro Aponte)."
NON_RELEVANT,"The generated answer does not address the question about Yellowbrick and its use for generating classification reports. Instead, it focuses on whether someone specifically mentioned Yellowbrick in a course, which is not related to the original answer."
RELEVANT,"The generated answer accurately paraphrases the solution provided in the original answer. It correctly identifies the issue, and provides the steps to fix it: downloading the executable, renaming it, and adding it to the PATH environment variable."
RELEVANT,The generated answer accurately provides the solution outlined in the original answer: renaming the downloaded executable to 'kind.exe' and adding its directory to the PATH environment variable.
PARTLY_RELEVANT,"The generated answer correctly identifies the official scikit-learn example for visualizing feature importance. However, it misses the crucial point about the standard error visualization aiding in model explainability and tracing feature stability. Additionally, it introduces a second method (horizontal bar chart) that is not mentioned in the original answer."
PARTLY_RELEVANT,"The generated answer addresses the issue of dashes in file names and suggests a solution, which is consistent with the original answer. However, it misinterprets the context by assuming the problem is with `waitress-serve` itself, rather than the specific application file `q4-predict:app` mentioned in the original question."
RELEVANT,"The generated answer accurately extracts and presents the specific command to display the size of a Docker image, mirroring the information provided in the original answer."
RELEVANT,"The generated answer accurately describes the functionality of the KFold function, including its parameters (n_splits, shuffle, random_state) and how it works. It also explains the purpose of shuffling and the importance of random_state for reproducibility. This aligns well with the discussion in the original answer about the KFold object and its behavior."
PARTLY_RELEVANT,"The generated answer provides the correct command to download the dataset into Kaggle Notebooks. However, it is missing the crucial information about reading the dataset into a pandas DataFrame using `df = pd.read_csv('housing.csv')`, which is essential for further analysis."
RELEVANT,The generated answer accurately addresses the question and provides the correct formula for calculating the probability of class 0 when only the probability of class 1 is known. It directly corresponds to the relevant information present in the original answer.
NON_RELEVANT,"The original answer only provides a direction to find the answer ('See the answer here'), while the generated answer gives specific information about the selection criteria for alpha in Q6. There's no connection or indication of where this information can be found within the original context."
PARTLY_RELEVANT,"The generated answer addresses a specific aspect of the original answer regarding posting the same content on multiple social sites. However, it doesn't capture the full context, such as the 7-point cap, the requirement of 7 URLs per week, or the doubled points for midterms/capstones."
RELEVANT,The generated answer accurately identifies the solution provided in the original answer: renaming the executable file and adding the folder to the PATH. It correctly summarizes the necessary steps.
RELEVANT,"The generated answer accurately captures the core reason why mutual information score cannot directly use continuous variables, emphasizing the issue of binning subjectivity. It mirrors the original answer's explanation and conveys the concept effectively."
RELEVANT,The generated answer accurately identifies the method recommended by Krishna Anand and provides the correct function name (keras.models.Sequential()). It directly addresses the information present in the original answer.
PARTLY_RELEVANT,"The generated answer correctly identifies one-hot encoding as the method for handling categorical features in ridge regression and mentions the `sparse=True` parameter. However, it includes additional advice (normalizing numerical features and combining encoded features) that is not directly addressed in the original answers."
NON_RELEVANT,The generated answer fails to address the question and states it cannot find the information within the context.  The original answer directly provides guidance on the `sparse=True` setting for DictVectorizer.
RELEVANT,"The generated answer correctly provides the command to install pip on WSL, which is explicitly mentioned in the original answer."
RELEVANT,"The generated answer correctly identifies 'ocean_proximity' as the second variable needed to calculate the mutual information score, as stated in the original answer."
PARTLY_RELEVANT,"The generated answer correctly identifies Bhaskar Sarma as the solution provider. However, it doesn't address the core question about the default output format for aws configure."
RELEVANT,The generated answer accurately identifies the root cause of the error (PATH variable) and provides a well-structured solution with clear instructions for adding the pipenv directory to the PATH. It also mentions the relevant directories for Windows and macOS/Linux. 
NON_RELEVANT,"The generated answer does not address the question of how to add notes to the Community Notes section. Instead, it states that it cannot answer the question based on the provided text, which is irrelevant to the user's original query."
NON_RELEVANT,"The generated answer does not address the reason for the recommended practice (to avoid data leakage). Instead, it focuses on identifying who provided the answer, which is not relevant to the original question."
PARTLY_RELEVANT,"The generated answer correctly identifies the `mean_squared_error` function from `sklearn.metrics` and mentions the `squared` argument for obtaining RMSE. However, it goes beyond the scope of the original answer by suggesting additional resources that are not directly related to the specific question of using RMSE without `math` or `numpy`.  "
NON_RELEVANT,"The generated answer states it cannot answer the question based on the provided context, which is factually incorrect. The original answer clearly outlines the steps to push an initial commit to GitHub."
PARTLY_RELEVANT,"The generated answer correctly identifies that the course is available in a self-paced mode. However, it misses the crucial information about cohort learning options and future iterations."
RELEVANT,The generated answer accurately extracts the key information from the original answer: the recommended value for the 'workers' variable (2560) and its context of improving training speed on a T4 GPU in Google Colab. 
PARTLY_RELEVANT,"The generated answer correctly identifies that CPU and memory values are specifiable in the YAML file. However, it misinterprets the original answer's statement about the specified port having a correct value.  The original answer implies the port value is predefined for that specific homework, while the generated answer focuses on the lack of defined 'correct' values for CPU and memory."
RELEVANT,"The generated answer correctly identifies the error message and provides a suitable explanation for its occurrence. It also offers potential solutions to resolve the issue, aligning closely with the information provided in the original answer."
RELEVANT,"The generated answer correctly identifies the solution to the 'manifest unknown' error, which is using the correct image tag. It also accurately reproduces the correct command from the original context."
RELEVANT,"The generated answer directly provides the same resources mentioned in the original answer, which are specifically focused on understanding Lambda container images."
PARTLY_RELEVANT,"The generated answer addresses the issue of importing a function named 'ping' which is similar to the original question. However, it lacks the specific context of the original answer, such as the mention of a video and the user's attempts to import the function directly. The generated answer also assumes the function is within a file named '[file name]', which might not be accurate."
RELEVANT,"The generated answer provides the exact same URL as the original answer, which directly points to the instructions for installing Docker on MacOS. It also accurately paraphrases the content of the original answer."
PARTLY_RELEVANT,"The generated answer touches upon the concept of providing a folder containing the files to be copied, which is present in the original answer. However, it misses the crucial detail about using the `docker cp` command for copying files into a running container. It also lacks the context of why one might want to copy files into a Docker container."
PARTLY_RELEVANT,"The generated answer correctly identifies the function of the `sns.histplot` command and mentions its use in visualizing the distribution of data. However, it doesn't encompass the broader context provided in the original answer, which includes additional code snippets and explanations for EDA techniques like calculating skewness. "
RELEVANT,The generated answer accurately identifies the built-in function `-l <N seconds>` for running nvidia-smi repeatedly and provides a correct explanation of its functionality.
PARTLY_RELEVANT,"The generated answer touches upon the concept of seed values and reproducibility in data splitting, which is relevant to the original question. However, it doesn't directly address the specific issue mentioned in the original question about missing values ending up only in the training dataframe when using a seed of 42. "
PARTLY_RELEVANT,"The generated answer correctly identifies some workarounds for the protobuf issue, but it misses key information from the original answer. It fails to mention the specific trigger for the error (code generated with outdated protoc) and the recommended fix (regenerating protos with protoc >= 3.19.0). Additionally, it introduces an unnecessary workaround (regeneration) that should be prioritized over downgrading."
PARTLY_RELEVANT,"The generated answer correctly identifies restarting the Jupyter notebook as a solution for import issues after package installation. However, it lacks the specific context of the original answer, which mentions the issue occurring with PIL on VS code and Jupyter notebooks."
RELEVANT,"The generated answer accurately recapitulates the information provided in the original answer. It correctly identifies the `df.info()` method for retrieving column information and memory usage, and it lists the specific details that the method outputs."
PARTLY_RELEVANT,"The generated answer touches upon the reasons for using a logarithmic distribution (skewness and long tail), but it doesn't directly address the user's question about specific instances or when it's not applicable to all machine learning projects. It also introduces the np.log1p() method, which wasn't part of the original answer."
PARTLY_RELEVANT,"While the generated answer correctly identifies the importance of a seed value for reproducibility in TensorFlow, it doesn't directly provide the instructions outlined in the original answer for achieving reproducibility. It focuses more on the conceptual explanation rather than the practical steps."
RELEVANT,The generated answer accurately addresses the user's potential issue by providing the exact solution mentioned in the original answer: switching to the main environment and upgrading nbconvert.
PARTLY_RELEVANT,"The generated answer addresses the question of identifying highly correlated features, which is related to the original question. However, it doesn't directly answer the specific queries about calculating correlation before or after splitting the data and finding the two most correlated features. It provides a general method but misses the context of the original question."
RELEVANT,The generated answer accurately captures the key point from the original answer: the Dockerfile should be named 'Dockerfile' without an extension. It directly addresses the user's question and provides the correct information.
NON_RELEVANT,"The generated answer does not address the user's question about installing a Conda environment. It acknowledges that it cannot find information about the best IDE for machine learning in the provided context, which is unrelated to the original question."
PARTLY_RELEVANT,"The generated answer addresses the reason behind the difference between y_pred and y,  mentioning the limitations of linear regression and data complexities. However, it lacks the specific context from lesson 2.8  and the illustrative example provided in the original answer."
RELEVANT,The generated answer directly addresses the user's need by providing an alternative command (`!dir`) to replace `!ls -lh` in Windows Jupyter Notebook. It also explains that the output of `!dir` will be similar to `!ls -lh`.
PARTLY_RELEVANT,"The generated answer touches upon a key aspect of the original solution (rescale issue) but provides additional, potentially helpful troubleshooting steps that are not present in the original. While it acknowledges the potential problem, it doesn't explicitly state it as a solution, unlike the original answer."
PARTLY_RELEVANT,"The generated answer acknowledges the complexity of the topic and indirectly suggests rewatching the video, aligning with the original answer. However, it lacks the nuance of the original answer, which emphasizes the importance of the ROC AUC metric and  offers alternative resources like lectures and notes."
RELEVANT,The generated answer correctly identifies the method `X_copy = X.copy()` for creating a deep copy of a dataframe and explains that this prevents changes from affecting the original dataframe. This aligns closely with the information provided in the original answer.
RELEVANT,The generated answer directly addresses the problem described in the original answer. It provides the same steps to resolve the error caused by specifying both 'python_version' and 'python_full_version' in the Pipfile.
PARTLY_RELEVANT,"The generated answer touches on the core reason behind the asymmetrical area under the curve in a long-tailed distribution (observations with high values). However, it lacks the broader context provided in the original answer about how this asymmetry impacts the mean, median, mode, and overall probability distribution."
PARTLY_RELEVANT,"The generated answer correctly identifies the issue that the data contains only one class (0), which is the cause of the error. However, it doesn't mention the specific reason why this is happening (the code converting 'yes' to 0). The original answer provides more context and points to the problematic code snippet."
NON_RELEVANT,"The generated answer does not provide any information about the time spent by students, instead stating that it cannot answer the question based on the context. This is contradictory to the original answer which clearly states the approximate time spent."
RELEVANT,"The generated answer directly addresses the issue mentioned in the original answer, which is the 'scipy' library not being defined. It provides the same solution: checking if scipy is installed and restarting the Jupyter kernel."
NON_RELEVANT,The generated answer acknowledges that it cannot provide an example of the COPY command in a Dockerfile  because the provided text does not contain that information. This is contradictory to the original answer which provides information about using the COPY command.
RELEVANT,"The generated answer accurately and completely addresses the question about the meaning of '500m' in Kubernetes CPU limits, matching the information provided in the original answer."
RELEVANT,"The generated answer directly provides an example of using curl to download a file on macOS, which is consistent with the information presented in the original answer."
PARTLY_RELEVANT,"The generated answer touches upon the correct point that fillna() should be done before splitting the data. However, it lacks the specific context about how the `prepare_df` function handles this aspect and mentions irrelevant sections like 'Data Leakage'. It doesn't directly address the other relevant points about reusing functions like `rmse` and `train_linear_regression`. "
PARTLY_RELEVANT,"The generated answer touches upon aspects of interacting with a Docker container, which is related to debugging. However, it doesn't explicitly state that these are debugging steps.  The prompt asks about debugging,  while the answer focuses on interaction methods that can be useful for debugging."
PARTLY_RELEVANT,"While the generated answer acknowledges that the provided link might contain relevant information, it explicitly states that it doesn't confirm if those instructions apply to M1 chips. This indicates a lack of direct answer to the user's specific need."
RELEVANT,"The generated answer directly addresses the user's question and provides a concise explanation of how the AWS Serverless Framework simplifies deploying a Flask application on AWS Lambda, including steps like creating a Docker image and exposing it as a REST API. It aligns closely with the information presented in the original answer."
PARTLY_RELEVANT,"The generated answer correctly identifies that np.log1p() is useful for long-tailed distributions like prices. However, it misses the crucial caveat mentioned in the original answer about np.log1p() not working with negative values."
PARTLY_RELEVANT,"The generated answer acknowledges that the provided text doesn't contain installation instructions for CUDA and cuDNN. However, it also indirectly confirms the user's need for those tools by stating that running TensorFlow with GPU requires setting them up."
RELEVANT,The generated answer accurately addresses the user's question about deprecation of `get_feature_names` and suggests the correct replacement method (`get_feature_names_out()`). It also clarifies the absence of errors arising from using this method.
RELEVANT,The generated answer directly provides the basic syntax for copying files in a Dockerfile as instructed in the original answer.
PARTLY_RELEVANT,"The generated answer provides partially relevant information. It correctly suggests creating a new virtual environment and using `pip freeze` to list dependencies. However, it focuses on a different context (updating Pipfile and Piplock files) and doesn't explicitly mention writing the requirements to a text file as the original answer states."
NON_RELEVANT,"The generated answer discusses the number of posts required for a learning project, which is completely unrelated to the original answer about running out of storage space on an AWS instance and deleting docker images."
PARTLY_RELEVANT,"While the generated answer correctly identifies the purpose of the 'workers' parameter and mentions its location within the documentation, it doesn't provide the specific link to the relevant section as stated in the original answer."
RELEVANT,"The generated answer correctly identifies the pandas `sample()` function for shuffling the dataset and provides the relevant code snippet along with explanations for the parameters `frac=1` and `random_state=seed`. While it omits mentioning `reset_index`, the core functionality and important details are accurately captured."
PARTLY_RELEVANT,"While the generated answer touches upon the concept of data splitting as a potential reason for accuracy difference, it lacks the specific details and context present in the original answer. The original answer focuses on the nuances of different splitting methods and their impact on data consistency, while the generated answer offers a more general list of possibilities."
NON_RELEVANT,"The generated answer correctly identifies that it cannot answer the question based on the provided text. However, it does not attempt to provide any helpful information or guidance related to the original answer's context, which focuses on resolving Docker image push permission errors on Google Container Registry."
RELEVANT,"The generated answer accurately and comprehensively explains how to calculate the RMSE score, mirroring the information provided in the original answer. It includes the necessary steps, formula, and even a code example for illustration."
NON_RELEVANT,"The generated answer does not address the issue mentioned in the original answer about password authentication being removed for GitHub. Instead, it states that the context doesn't provide information about Conda environments or IDEs, which are unrelated to the original query."
PARTLY_RELEVANT,"While the generated answer correctly identifies the link to the article as a potential resource, it does not confirm if the article actually contains instructions for installing TensorFlow GPU on Ubuntu.  The mention of a 'guide in the 'Miscellaneous' section' is also not provided in the original answer."
RELEVANT,"The generated answer accurately explains the purpose of 'y_true' in the context of calculating ROC AUC score using sklearn. It directly addresses the concept of ground truth and its comparison with predicted scores, which aligns with the information provided in the original answer."
NON_RELEVANT,"The generated answer acknowledges that it cannot find the solution Quinn Avila used in the provided text. This is accurate as the original text focuses on the problem and its resolution in general, not specifically citing Quinn Avila's individual actions."
RELEVANT,The generated answer directly addresses the question about the modification made to the median_house_value target and accurately reflects the explanation provided in the original answer. It correctly states the transformation to binary format and  explains the rationale behind this change for calculating mutual information.
